<?xml version="1.0" encoding="UTF-8"?>
<export version="E">
  <design>
    <source>C:\Users\Melker\Documents\KiCad\Power Supply LT\LT\LT.kicad_sch</source>
    <date>2023-03-03 21:25:54</date>
    <tool>Eeschema (6.0.9)</tool>
    <sheet number="1" name="/" tstamps="/">
      <title_block>
        <title>Bench power supply</title>
        <company>Hultronix</company>
        <rev>1.1</rev>
        <date/>
        <source>LT.kicad_sch</source>
        <comment number="1" value=""/>
        <comment number="2" value=""/>
        <comment number="3" value=""/>
        <comment number="4" value=""/>
        <comment number="5" value=""/>
        <comment number="6" value=""/>
        <comment number="7" value=""/>
        <comment number="8" value=""/>
        <comment number="9" value=""/>
      </title_block>
    </sheet>
  </design>
  <components>
    <comp ref="C100">
      <value>4k7uF</value>
      <footprint>Capacitor_THT:CP_Radial_D22.0mm_P10.00mm_SnapIn</footprint>
      <libsource lib="Device" part="C_Polarized" description="Polarized capacitor"/>
      <property name="Sheetname" value=""/>
      <property name="Sheetfile" value="LT.kicad_sch"/>
      <sheetpath names="/" tstamps="/"/>
      <tstamps>2963b3cd-b6ff-4c01-8215-7cda91b1ca13</tstamps>
    </comp>
    <comp ref="C101">
      <value>1uF</value>
      <footprint>Capacitor_SMD:C_1206_3216Metric</footprint>
      <libsource lib="Device" part="C" description="Unpolarized capacitor"/>
      <property name="Sheetname" value=""/>
      <property name="Sheetfile" value="LT.kicad_sch"/>
      <sheetpath names="/" tstamps="/"/>
      <tstamps>f7bb0771-1114-42ce-b5f2-0b580478214b</tstamps>
    </comp>
    <comp ref="C102">
      <value>100nF</value>
      <footprint>Capacitor_SMD:C_1206_3216Metric</footprint>
      <libsource lib="Device" part="C" description="Unpolarized capacitor"/>
      <property name="Sheetname" value=""/>
      <property name="Sheetfile" value="LT.kicad_sch"/>
      <sheetpath names="/" tstamps="/"/>
      <tstamps>8d41bef5-a49e-4a02-9728-1fecc1c4a3dd</tstamps>
    </comp>
    <comp ref="C103">
      <value>10nF</value>
      <footprint>Capacitor_SMD:C_1206_3216Metric</footprint>
      <libsource lib="Device" part="C" description="Unpolarized capacitor"/>
      <property name="Sheetname" value=""/>
      <property name="Sheetfile" value="LT.kicad_sch"/>
      <sheetpath names="/" tstamps="/"/>
      <tstamps>8fe6828a-98c4-4ac3-8dbd-ab60c3458a56</tstamps>
    </comp>
    <comp ref="C104">
      <value>1nF</value>
      <footprint>Capacitor_SMD:C_1206_3216Metric</footprint>
      <libsource lib="Device" part="C" description="Unpolarized capacitor"/>
      <property name="Sheetname" value=""/>
      <property name="Sheetfile" value="LT.kicad_sch"/>
      <sheetpath names="/" tstamps="/"/>
      <tstamps>96851a7a-db9b-42d8-9101-28f47dba0ff7</tstamps>
    </comp>
    <comp ref="C105">
      <value>22uF</value>
      <footprint>Capacitor_SMD:CP_Elec_8x10</footprint>
      <libsource lib="Device" part="C_Polarized" description="Polarized capacitor"/>
      <property name="Sheetname" value=""/>
      <property name="Sheetfile" value="LT.kicad_sch"/>
      <sheetpath names="/" tstamps="/"/>
      <tstamps>e03ea7d1-3c26-4134-a150-92729d10e22c</tstamps>
    </comp>
    <comp ref="C106">
      <value>10uF</value>
      <footprint>Capacitor_SMD:C_1206_3216Metric_Pad1.33x1.80mm_HandSolder</footprint>
      <libsource lib="Device" part="C" description="Unpolarized capacitor"/>
      <property name="Sheetname" value=""/>
      <property name="Sheetfile" value="LT.kicad_sch"/>
      <sheetpath names="/" tstamps="/"/>
      <tstamps>7bc3da5e-9755-4b67-82f0-738c8ed230ab</tstamps>
    </comp>
    <comp ref="C107">
      <value>1uF</value>
      <footprint>Capacitor_SMD:C_1206_3216Metric_Pad1.33x1.80mm_HandSolder</footprint>
      <libsource lib="Device" part="C" description="Unpolarized capacitor"/>
      <property name="Sheetname" value=""/>
      <property name="Sheetfile" value="LT.kicad_sch"/>
      <sheetpath names="/" tstamps="/"/>
      <tstamps>82b31a34-3ad8-4006-b049-17f5b6871b82</tstamps>
    </comp>
    <comp ref="C108">
      <value>1nF</value>
      <footprint>Capacitor_SMD:C_0402_1005Metric_Pad0.74x0.62mm_HandSolder</footprint>
      <libsource lib="Device" part="C" description="Unpolarized capacitor"/>
      <property name="Sheetname" value=""/>
      <property name="Sheetfile" value="LT.kicad_sch"/>
      <sheetpath names="/" tstamps="/"/>
      <tstamps>a630bc87-0225-4c2b-a33c-b51bffadcead</tstamps>
    </comp>
    <comp ref="C109">
      <value>0.1uF</value>
      <footprint>Capacitor_SMD:C_0402_1005Metric_Pad0.74x0.62mm_HandSolder</footprint>
      <libsource lib="Device" part="C" description="Unpolarized capacitor"/>
      <property name="Sheetname" value=""/>
      <property name="Sheetfile" value="LT.kicad_sch"/>
      <sheetpath names="/" tstamps="/"/>
      <tstamps>57cfee06-2c30-4ca4-911e-0a7f03349e01</tstamps>
    </comp>
    <comp ref="C110">
      <value>0.1uF</value>
      <footprint>Capacitor_SMD:C_0402_1005Metric_Pad0.74x0.62mm_HandSolder</footprint>
      <libsource lib="Device" part="C" description="Unpolarized capacitor"/>
      <property name="Sheetname" value=""/>
      <property name="Sheetfile" value="LT.kicad_sch"/>
      <sheetpath names="/" tstamps="/"/>
      <tstamps>927d8597-59f2-4332-9d81-b564c6f6ff62</tstamps>
    </comp>
    <comp ref="C111">
      <value>100uF</value>
      <footprint>Capacitor_SMD:CP_Elec_10x12.5</footprint>
      <libsource lib="Device" part="C_Polarized" description="Polarized capacitor"/>
      <property name="Sheetname" value=""/>
      <property name="Sheetfile" value="LT.kicad_sch"/>
      <sheetpath names="/" tstamps="/"/>
      <tstamps>363b5fa3-9e77-4c9e-ab7b-e0845d1ad852</tstamps>
    </comp>
    <comp ref="C112">
      <value>10uF</value>
      <footprint>Capacitor_SMD:C_1206_3216Metric_Pad1.33x1.80mm_HandSolder</footprint>
      <libsource lib="Device" part="C" description="Unpolarized capacitor"/>
      <property name="Sheetname" value=""/>
      <property name="Sheetfile" value="LT.kicad_sch"/>
      <sheetpath names="/" tstamps="/"/>
      <tstamps>be43958a-d071-45a3-8f80-3b450b76c114</tstamps>
    </comp>
    <comp ref="C113">
      <value>10uF</value>
      <footprint>Capacitor_SMD:C_1206_3216Metric_Pad1.33x1.80mm_HandSolder</footprint>
      <libsource lib="Device" part="C" description="Unpolarized capacitor"/>
      <property name="Sheetname" value=""/>
      <property name="Sheetfile" value="LT.kicad_sch"/>
      <sheetpath names="/" tstamps="/"/>
      <tstamps>0e80a1b0-8d0b-4041-bcfc-fa4c837d98c2</tstamps>
    </comp>
    <comp ref="C114">
      <value>10uF</value>
      <footprint>Capacitor_SMD:C_1206_3216Metric_Pad1.33x1.80mm_HandSolder</footprint>
      <libsource lib="Device" part="C" description="Unpolarized capacitor"/>
      <property name="Sheetname" value=""/>
      <property name="Sheetfile" value="LT.kicad_sch"/>
      <sheetpath names="/" tstamps="/"/>
      <tstamps>023cb206-34a3-46fe-8e73-a9e018c071ee</tstamps>
    </comp>
    <comp ref="C300">
      <value>10uF</value>
      <footprint>Capacitor_SMD:C_1206_3216Metric_Pad1.33x1.80mm_HandSolder</footprint>
      <libsource lib="Device" part="C" description="Unpolarized capacitor"/>
      <property name="Sheetname" value=""/>
      <property name="Sheetfile" value="LT.kicad_sch"/>
      <sheetpath names="/" tstamps="/"/>
      <tstamps>1f9d6ca0-669e-4218-8248-9272120b3cf2</tstamps>
    </comp>
    <comp ref="C301">
      <value>10uF</value>
      <footprint>Capacitor_SMD:C_1206_3216Metric_Pad1.33x1.80mm_HandSolder</footprint>
      <libsource lib="Device" part="C" description="Unpolarized capacitor"/>
      <property name="Sheetname" value=""/>
      <property name="Sheetfile" value="LT.kicad_sch"/>
      <sheetpath names="/" tstamps="/"/>
      <tstamps>b21d125b-bba0-4cf0-a0c3-fc6ea711aa63</tstamps>
    </comp>
    <comp ref="C400">
      <value>10uF</value>
      <footprint>Capacitor_SMD:C_1206_3216Metric_Pad1.33x1.80mm_HandSolder</footprint>
      <libsource lib="Device" part="C" description="Unpolarized capacitor"/>
      <property name="Sheetname" value=""/>
      <property name="Sheetfile" value="LT.kicad_sch"/>
      <sheetpath names="/" tstamps="/"/>
      <tstamps>3a0e9076-ac03-4977-a8f3-38fc4557ef9b</tstamps>
    </comp>
    <comp ref="C401">
      <value>10nF</value>
      <footprint>Capacitor_SMD:C_0402_1005Metric</footprint>
      <libsource lib="Device" part="C" description="Unpolarized capacitor"/>
      <property name="Sheetname" value=""/>
      <property name="Sheetfile" value="LT.kicad_sch"/>
      <sheetpath names="/" tstamps="/"/>
      <tstamps>e367ac56-6839-406c-8445-46f863c265ac</tstamps>
    </comp>
    <comp ref="C402">
      <value>10uF</value>
      <footprint>Capacitor_SMD:C_1206_3216Metric_Pad1.33x1.80mm_HandSolder</footprint>
      <libsource lib="Device" part="C" description="Unpolarized capacitor"/>
      <property name="Sheetname" value=""/>
      <property name="Sheetfile" value="LT.kicad_sch"/>
      <sheetpath names="/" tstamps="/"/>
      <tstamps>5d8799ff-3653-4815-8c89-188f749b63cd</tstamps>
    </comp>
    <comp ref="C403">
      <value>10uF</value>
      <footprint>Capacitor_SMD:C_1206_3216Metric_Pad1.33x1.80mm_HandSolder</footprint>
      <libsource lib="Device" part="C" description="Unpolarized capacitor"/>
      <property name="Sheetname" value=""/>
      <property name="Sheetfile" value="LT.kicad_sch"/>
      <sheetpath names="/" tstamps="/"/>
      <tstamps>e9b29e28-ae82-463d-ba32-6b1c608c32f5</tstamps>
    </comp>
    <comp ref="C404">
      <value>10uF</value>
      <footprint>Capacitor_SMD:C_1206_3216Metric_Pad1.33x1.80mm_HandSolder</footprint>
      <libsource lib="Device" part="C" description="Unpolarized capacitor"/>
      <property name="Sheetname" value=""/>
      <property name="Sheetfile" value="LT.kicad_sch"/>
      <sheetpath names="/" tstamps="/"/>
      <tstamps>fa09b7a1-6026-4779-a196-cb40dda14606</tstamps>
    </comp>
    <comp ref="C500">
      <value>10uF</value>
      <footprint>Capacitor_SMD:C_1206_3216Metric_Pad1.33x1.80mm_HandSolder</footprint>
      <libsource lib="Device" part="C" description="Unpolarized capacitor"/>
      <property name="Sheetname" value=""/>
      <property name="Sheetfile" value="LT.kicad_sch"/>
      <sheetpath names="/" tstamps="/"/>
      <tstamps>24f4ede3-c485-4fc9-b6d4-e744a308a508</tstamps>
    </comp>
    <comp ref="C501">
      <value>10nF</value>
      <footprint>Capacitor_SMD:C_0402_1005Metric</footprint>
      <libsource lib="Device" part="C" description="Unpolarized capacitor"/>
      <property name="Sheetname" value=""/>
      <property name="Sheetfile" value="LT.kicad_sch"/>
      <sheetpath names="/" tstamps="/"/>
      <tstamps>d576f2cc-c638-49af-95ea-ce3ea5c74cb4</tstamps>
    </comp>
    <comp ref="C502">
      <value>10uF</value>
      <footprint>Capacitor_SMD:C_1206_3216Metric_Pad1.33x1.80mm_HandSolder</footprint>
      <libsource lib="Device" part="C" description="Unpolarized capacitor"/>
      <property name="Sheetname" value=""/>
      <property name="Sheetfile" value="LT.kicad_sch"/>
      <sheetpath names="/" tstamps="/"/>
      <tstamps>840c8817-a65b-4e71-ae4d-bf5ee58cd0b1</tstamps>
    </comp>
    <comp ref="C503">
      <value>10uF</value>
      <footprint>Capacitor_SMD:C_1206_3216Metric_Pad1.33x1.80mm_HandSolder</footprint>
      <libsource lib="Device" part="C" description="Unpolarized capacitor"/>
      <property name="Sheetname" value=""/>
      <property name="Sheetfile" value="LT.kicad_sch"/>
      <sheetpath names="/" tstamps="/"/>
      <tstamps>e79d1936-a7e5-458a-aef4-7acf877f6cb5</tstamps>
    </comp>
    <comp ref="C504">
      <value>10uF</value>
      <footprint>Capacitor_SMD:C_1206_3216Metric_Pad1.33x1.80mm_HandSolder</footprint>
      <libsource lib="Device" part="C" description="Unpolarized capacitor"/>
      <property name="Sheetname" value=""/>
      <property name="Sheetfile" value="LT.kicad_sch"/>
      <sheetpath names="/" tstamps="/"/>
      <tstamps>1e56ae1d-33dd-4e51-b1de-da47c3b57a9a</tstamps>
    </comp>
    <comp ref="C600">
      <value>10uF</value>
      <footprint>Capacitor_SMD:C_1206_3216Metric_Pad1.33x1.80mm_HandSolder</footprint>
      <libsource lib="Device" part="C" description="Unpolarized capacitor"/>
      <property name="Sheetname" value=""/>
      <property name="Sheetfile" value="LT.kicad_sch"/>
      <sheetpath names="/" tstamps="/"/>
      <tstamps>37efb0ba-3fe7-4963-a5c5-0920f534f06b</tstamps>
    </comp>
    <comp ref="C601">
      <value>1uF</value>
      <footprint>Capacitor_SMD:C_1206_3216Metric_Pad1.33x1.80mm_HandSolder</footprint>
      <libsource lib="Device" part="C" description="Unpolarized capacitor"/>
      <property name="Sheetname" value=""/>
      <property name="Sheetfile" value="LT.kicad_sch"/>
      <sheetpath names="/" tstamps="/"/>
      <tstamps>65edd75f-ed0f-408d-bcb6-29e308649b48</tstamps>
    </comp>
    <comp ref="C602">
      <value>100nF</value>
      <footprint>Capacitor_SMD:C_0402_1005Metric_Pad0.74x0.62mm_HandSolder</footprint>
      <libsource lib="Device" part="C" description="Unpolarized capacitor"/>
      <property name="Sheetname" value=""/>
      <property name="Sheetfile" value="LT.kicad_sch"/>
      <sheetpath names="/" tstamps="/"/>
      <tstamps>9f514f37-c065-4bc5-8fbd-a9ea007c72c5</tstamps>
    </comp>
    <comp ref="C603">
      <value>10nF</value>
      <footprint>Capacitor_SMD:C_0402_1005Metric_Pad0.74x0.62mm_HandSolder</footprint>
      <libsource lib="Device" part="C" description="Unpolarized capacitor"/>
      <property name="Sheetname" value=""/>
      <property name="Sheetfile" value="LT.kicad_sch"/>
      <sheetpath names="/" tstamps="/"/>
      <tstamps>7bd33a49-e8ed-419c-88c2-556d8394f3e3</tstamps>
    </comp>
    <comp ref="C604">
      <value>1nF</value>
      <footprint>Capacitor_SMD:C_0402_1005Metric_Pad0.74x0.62mm_HandSolder</footprint>
      <libsource lib="Device" part="C" description="Unpolarized capacitor"/>
      <property name="Sheetname" value=""/>
      <property name="Sheetfile" value="LT.kicad_sch"/>
      <sheetpath names="/" tstamps="/"/>
      <tstamps>3a7a1d80-5a7e-40b8-ac9f-e4d6a5da2b36</tstamps>
    </comp>
    <comp ref="D1">
      <value>S5DC</value>
      <footprint>Diode_SMD:D_SMB</footprint>
      <datasheet>http://www.smc-diodes.com/propdf/S2A-S2M%20N0562%20REV.A.pdf</datasheet>
      <libsource lib="Diode" part="S2JTR" description="600V 2A General Purpose Rectifier Diode, SMB"/>
      <property name="Sheetname" value=""/>
      <property name="Sheetfile" value="LT.kicad_sch"/>
      <sheetpath names="/" tstamps="/"/>
      <tstamps>b2cfd8e3-950b-40a6-82f8-a0902d36dcb1</tstamps>
    </comp>
    <comp ref="D101">
      <value>LED</value>
      <footprint>LED_SMD:LED_0603_1608Metric_Pad1.05x0.95mm_HandSolder</footprint>
      <libsource lib="Device" part="LED" description="Light emitting diode"/>
      <property name="Sheetname" value=""/>
      <property name="Sheetfile" value="LT.kicad_sch"/>
      <sheetpath names="/" tstamps="/"/>
      <tstamps>975e8df8-ccd3-4afb-887e-02772852f249</tstamps>
    </comp>
    <comp ref="D200">
      <value>B140-E3</value>
      <footprint>Diode_SMD:D_SMA</footprint>
      <datasheet>http://www.vishay.com/docs/88946/b120.pdf</datasheet>
      <libsource lib="Diode" part="B140-E3" description="40V 1A Schottky Barrier Rectifier Diode, SMA(DO-214AC)"/>
      <property name="Sheetname" value=""/>
      <property name="Sheetfile" value="LT.kicad_sch"/>
      <sheetpath names="/" tstamps="/"/>
      <tstamps>e5b60e64-e577-4ad7-848c-a11bc86145f4</tstamps>
    </comp>
    <comp ref="F1">
      <value>Fuse</value>
      <footprint>Fuse:Fuseholder_Blade_Mini_Keystone_3568</footprint>
      <libsource lib="Device" part="Fuse" description="Fuse"/>
      <property name="Sheetname" value=""/>
      <property name="Sheetfile" value="LT.kicad_sch"/>
      <sheetpath names="/" tstamps="/"/>
      <tstamps>ba0059a5-691a-4ab6-9c73-5be6e2a01bc3</tstamps>
    </comp>
    <comp ref="H1">
      <value>MountingHole</value>
      <footprint>MountingHole:MountingHole_3.2mm_M3</footprint>
      <libsource lib="Mechanical" part="MountingHole" description="Mounting Hole without connection"/>
      <property name="Sheetname" value=""/>
      <property name="Sheetfile" value="LT.kicad_sch"/>
      <sheetpath names="/" tstamps="/"/>
      <tstamps>f7b53d6d-9fef-4381-98d1-9bf2f82fc7b7</tstamps>
    </comp>
    <comp ref="H2">
      <value>MountingHole</value>
      <footprint>MountingHole:MountingHole_3.2mm_M3</footprint>
      <libsource lib="Mechanical" part="MountingHole" description="Mounting Hole without connection"/>
      <property name="Sheetname" value=""/>
      <property name="Sheetfile" value="LT.kicad_sch"/>
      <sheetpath names="/" tstamps="/"/>
      <tstamps>7dd072cf-1b9d-457f-b94c-1b1e4f441e19</tstamps>
    </comp>
    <comp ref="H3">
      <value>MountingHole</value>
      <footprint>MountingHole:MountingHole_3.2mm_M3</footprint>
      <libsource lib="Mechanical" part="MountingHole" description="Mounting Hole without connection"/>
      <property name="Sheetname" value=""/>
      <property name="Sheetfile" value="LT.kicad_sch"/>
      <sheetpath names="/" tstamps="/"/>
      <tstamps>00d5d0c1-8c34-4352-8952-30549bbcedf8</tstamps>
    </comp>
    <comp ref="H4">
      <value>MountingHole</value>
      <footprint>MountingHole:MountingHole_3.2mm_M3</footprint>
      <libsource lib="Mechanical" part="MountingHole" description="Mounting Hole without connection"/>
      <property name="Sheetname" value=""/>
      <property name="Sheetfile" value="LT.kicad_sch"/>
      <sheetpath names="/" tstamps="/"/>
      <tstamps>005dbf40-b739-4fda-8532-6df381dc1d52</tstamps>
    </comp>
    <comp ref="H5">
      <value>MountingHole</value>
      <footprint>MountingHole:MountingHole_3.2mm_M3</footprint>
      <libsource lib="Mechanical" part="MountingHole" description="Mounting Hole without connection"/>
      <property name="Sheetname" value=""/>
      <property name="Sheetfile" value="LT.kicad_sch"/>
      <sheetpath names="/" tstamps="/"/>
      <tstamps>a33db079-e420-4878-8268-ee537fde7348</tstamps>
    </comp>
    <comp ref="IC400">
      <value>LT3081ER#PBF</value>
      <footprint>Package_TO_SOT_SMD:TO-263-7_TabPin4</footprint>
      <libsource lib="LT3081ER_PBF" part="LT3081ER#PBF" description=""/>
      <property name="Sheetname" value=""/>
      <property name="Sheetfile" value="LT.kicad_sch"/>
      <sheetpath names="/" tstamps="/"/>
      <tstamps>97938810-5464-4ccb-ae2e-3aa2d4fd9037</tstamps>
    </comp>
    <comp ref="IC500">
      <value>LT3081ER#PBF</value>
      <footprint>Package_TO_SOT_SMD:TO-263-7_TabPin4</footprint>
      <libsource lib="LT3081ER_PBF" part="LT3081ER#PBF" description=""/>
      <property name="Sheetname" value=""/>
      <property name="Sheetfile" value="LT.kicad_sch"/>
      <sheetpath names="/" tstamps="/"/>
      <tstamps>7cdece40-2613-4c22-93d5-2ab931f887f8</tstamps>
    </comp>
    <comp ref="J1">
      <value>KK 256</value>
      <footprint>Connector_Molex:Molex_KK-254_AE-6410-04A_1x04_P2.54mm_Vertical</footprint>
      <libsource lib="Connector" part="Conn_01x04_Male" description="Generic connector, single row, 01x04, script generated (kicad-library-utils/schlib/autogen/connector/)"/>
      <property name="Sheetname" value=""/>
      <property name="Sheetfile" value="LT.kicad_sch"/>
      <sheetpath names="/" tstamps="/"/>
      <tstamps>43175f86-dcf8-456e-9083-0381bbd1d5ed</tstamps>
    </comp>
    <comp ref="J2">
      <value>Conn_01x03_Male</value>
      <footprint>Connector_Molex:Molex_KK-254_AE-6410-03A_1x03_P2.54mm_Vertical</footprint>
      <libsource lib="Connector" part="Conn_01x03_Male" description="Generic connector, single row, 01x03, script generated (kicad-library-utils/schlib/autogen/connector/)"/>
      <property name="Sheetname" value=""/>
      <property name="Sheetfile" value="LT.kicad_sch"/>
      <sheetpath names="/" tstamps="/"/>
      <tstamps>fe3367b6-5497-4301-b11f-e2b6f6b756bf</tstamps>
    </comp>
    <comp ref="J3">
      <value>V adj</value>
      <footprint>Connector_Molex:Molex_KK-254_AE-6410-02A_1x02_P2.54mm_Vertical</footprint>
      <libsource lib="Connector" part="Conn_01x02_Male" description="Generic connector, single row, 01x02, script generated (kicad-library-utils/schlib/autogen/connector/)"/>
      <property name="Sheetname" value=""/>
      <property name="Sheetfile" value="LT.kicad_sch"/>
      <sheetpath names="/" tstamps="/"/>
      <tstamps>13f533f4-3e9f-4b66-b540-b2d0b93e2f8f</tstamps>
    </comp>
    <comp ref="J4">
      <value>I Lim</value>
      <footprint>Connector_Molex:Molex_KK-254_AE-6410-02A_1x02_P2.54mm_Vertical</footprint>
      <libsource lib="Connector" part="Conn_01x02_Male" description="Generic connector, single row, 01x02, script generated (kicad-library-utils/schlib/autogen/connector/)"/>
      <property name="Sheetname" value=""/>
      <property name="Sheetfile" value="LT.kicad_sch"/>
      <sheetpath names="/" tstamps="/"/>
      <tstamps>1315be4c-71ef-42d5-9859-bce35aa22d19</tstamps>
    </comp>
    <comp ref="J5">
      <value>Molex KK 396</value>
      <footprint>Connector_Molex:Molex_KK-396_A-41791-0002_1x02_P3.96mm_Vertical</footprint>
      <libsource lib="Connector_Generic" part="Conn_01x02" description="Generic connector, single row, 01x02, script generated (kicad-library-utils/schlib/autogen/connector/)"/>
      <property name="Sheetname" value=""/>
      <property name="Sheetfile" value="LT.kicad_sch"/>
      <sheetpath names="/" tstamps="/"/>
      <tstamps>821caa1c-8883-4193-a14c-280ec4019d5a</tstamps>
    </comp>
    <comp ref="J6">
      <value>I mon</value>
      <footprint>Connector_Molex:Molex_KK-254_AE-6410-02A_1x02_P2.54mm_Vertical</footprint>
      <libsource lib="Connector" part="Conn_01x02_Male" description="Generic connector, single row, 01x02, script generated (kicad-library-utils/schlib/autogen/connector/)"/>
      <property name="Sheetname" value=""/>
      <property name="Sheetfile" value="LT.kicad_sch"/>
      <sheetpath names="/" tstamps="/"/>
      <tstamps>6e9d489a-ae89-4778-98f9-fa68f59cb267</tstamps>
    </comp>
    <comp ref="L100">
      <value>5.5uH</value>
      <footprint>Inductor_SMD:L_10.4x10.4_H4.8</footprint>
      <libsource lib="744325550" part="744325550" description=""/>
      <property name="Sheetname" value=""/>
      <property name="Sheetfile" value="LT.kicad_sch"/>
      <sheetpath names="/" tstamps="/"/>
      <tstamps>5f12f4c6-21b2-42e8-bdf8-585bd1283068</tstamps>
    </comp>
    <comp ref="L300">
      <value>LQH32CN471K23L</value>
      <footprint>Inductor_SMD:L_1210_3225Metric_Pad1.42x2.65mm_HandSolder</footprint>
      <fields>
        <field name="MANUFACTURER">Murata</field>
        <field name="MAXIMUM_PACKAGE_HEIGHT">2.2mm</field>
        <field name="PARTREV">N/A</field>
        <field name="STANDARD">Manufacturer Recommendations</field>
      </fields>
      <libsource lib="LQH32CN471K23L" part="LQH32CN471K23L" description=""/>
      <property name="MANUFACTURER" value="Murata"/>
      <property name="PARTREV" value="N/A"/>
      <property name="STANDARD" value="Manufacturer Recommendations"/>
      <property name="MAXIMUM_PACKAGE_HEIGHT" value="2.2mm"/>
      <property name="Sheetname" value=""/>
      <property name="Sheetfile" value="LT.kicad_sch"/>
      <sheetpath names="/" tstamps="/"/>
      <tstamps>2788f972-42dd-484b-a64f-378c0ba3343e</tstamps>
    </comp>
    <comp ref="Q100">
      <value>SI2309</value>
      <footprint>Package_TO_SOT_SMD:SOT-23</footprint>
      <libsource lib="SI2309CDS" part="SI2309CDS-T1-GE3" description=""/>
      <property name="Sheetname" value=""/>
      <property name="Sheetfile" value="LT.kicad_sch"/>
      <sheetpath names="/" tstamps="/"/>
      <tstamps>34817ace-2147-480e-9a42-ce5c344f1857</tstamps>
    </comp>
    <comp ref="Q101">
      <value>MMBT3904</value>
      <footprint>Package_TO_SOT_SMD:SOT-23</footprint>
      <datasheet>https://www.onsemi.com/pub/Collateral/2N3903-D.PDF</datasheet>
      <libsource lib="Transistor_BJT" part="MMBT3904" description="0.2A Ic, 40V Vce, Small Signal NPN Transistor, SOT-23"/>
      <property name="Sheetname" value=""/>
      <property name="Sheetfile" value="LT.kicad_sch"/>
      <sheetpath names="/" tstamps="/"/>
      <tstamps>4ef50bda-9593-4f4c-b080-d5322eb8b488</tstamps>
    </comp>
    <comp ref="Q102">
      <value>MMBT3906</value>
      <footprint>Package_TO_SOT_SMD:SOT-23</footprint>
      <datasheet>https://www.onsemi.com/pub/Collateral/2N3906-D.PDF</datasheet>
      <libsource lib="Transistor_BJT" part="MMBT3906" description="-0.2A Ic, -40V Vce, Small Signal PNP Transistor, SOT-23"/>
      <property name="Sheetname" value=""/>
      <property name="Sheetfile" value="LT.kicad_sch"/>
      <sheetpath names="/" tstamps="/"/>
      <tstamps>7dba9faa-1be0-43e7-aa3e-182d006b827b</tstamps>
    </comp>
    <comp ref="Q300">
      <value>MMBT3906</value>
      <footprint>Package_TO_SOT_SMD:SOT-23</footprint>
      <datasheet>https://www.onsemi.com/pub/Collateral/2N3906-D.PDF</datasheet>
      <libsource lib="Transistor_BJT" part="MMBT3906" description="-0.2A Ic, -40V Vce, Small Signal PNP Transistor, SOT-23"/>
      <property name="Sheetname" value=""/>
      <property name="Sheetfile" value="LT.kicad_sch"/>
      <sheetpath names="/" tstamps="/"/>
      <tstamps>9bd794b9-10e9-459a-bdaa-7c85a7a8c928</tstamps>
    </comp>
    <comp ref="Q301">
      <value>FMMT493</value>
      <footprint>Package_TO_SOT_SMD:SOT-23</footprint>
      <datasheet>http://cache.nxp.com/documents/data_sheet/BCP56_BCX56_BC56PA.pdf?pspll=1</datasheet>
      <libsource lib="Transistor_BJT" part="BCP56" description="1A Ic, 80V Vce, NPN Medium Power Transistor, SOT-223"/>
      <property name="Sheetname" value=""/>
      <property name="Sheetfile" value="LT.kicad_sch"/>
      <sheetpath names="/" tstamps="/"/>
      <tstamps>df11f125-e0b4-414c-b605-39f65052eb9c</tstamps>
    </comp>
    <comp ref="R100">
      <value>499k</value>
      <footprint>Resistor_SMD:R_0402_1005Metric_Pad0.72x0.64mm_HandSolder</footprint>
      <libsource lib="Device" part="R_Small" description="Resistor, small symbol"/>
      <property name="Sheetname" value=""/>
      <property name="Sheetfile" value="LT.kicad_sch"/>
      <sheetpath names="/" tstamps="/"/>
      <tstamps>195b4774-0ec8-4f95-bad3-f2516bcfdf46</tstamps>
    </comp>
    <comp ref="R101">
      <value>54k9</value>
      <footprint>Resistor_SMD:R_0402_1005Metric_Pad0.72x0.64mm_HandSolder</footprint>
      <libsource lib="Device" part="R_Small" description="Resistor, small symbol"/>
      <property name="Sheetname" value=""/>
      <property name="Sheetfile" value="LT.kicad_sch"/>
      <sheetpath names="/" tstamps="/"/>
      <tstamps>1fdebd4f-8983-426b-a4a1-8ad9ba531e2f</tstamps>
    </comp>
    <comp ref="R102">
      <value>60k4</value>
      <footprint>Resistor_SMD:R_0402_1005Metric_Pad0.72x0.64mm_HandSolder</footprint>
      <libsource lib="Device" part="R_Small" description="Resistor, small symbol"/>
      <property name="Sheetname" value=""/>
      <property name="Sheetfile" value="LT.kicad_sch"/>
      <sheetpath names="/" tstamps="/"/>
      <tstamps>de908b51-909c-4d61-8491-74af45292321</tstamps>
    </comp>
    <comp ref="R103">
      <value>5k1</value>
      <footprint>Resistor_SMD:R_0402_1005Metric_Pad0.72x0.64mm_HandSolder</footprint>
      <libsource lib="Device" part="R_Small" description="Resistor, small symbol"/>
      <property name="Sheetname" value=""/>
      <property name="Sheetfile" value="LT.kicad_sch"/>
      <sheetpath names="/" tstamps="/"/>
      <tstamps>aeab87dc-d0bf-4f76-9eb1-a23d86e55a19</tstamps>
    </comp>
    <comp ref="R104">
      <value>2k7</value>
      <footprint>Resistor_SMD:R_0402_1005Metric_Pad0.72x0.64mm_HandSolder</footprint>
      <libsource lib="Device" part="R_Small" description="Resistor, small symbol"/>
      <property name="Sheetname" value=""/>
      <property name="Sheetfile" value="LT.kicad_sch"/>
      <sheetpath names="/" tstamps="/"/>
      <tstamps>40137a74-29d8-4b3f-bbbf-6f19ddcf20ac</tstamps>
    </comp>
    <comp ref="R105">
      <value>549</value>
      <footprint>Resistor_SMD:R_0402_1005Metric_Pad0.72x0.64mm_HandSolder</footprint>
      <libsource lib="Device" part="R_Small" description="Resistor, small symbol"/>
      <property name="Sheetname" value=""/>
      <property name="Sheetfile" value="LT.kicad_sch"/>
      <sheetpath names="/" tstamps="/"/>
      <tstamps>e4163525-08d5-40a5-bd2b-e5f6c21f29fa</tstamps>
    </comp>
    <comp ref="R106">
      <value>4k99</value>
      <footprint>Resistor_SMD:R_0402_1005Metric_Pad0.72x0.64mm_HandSolder</footprint>
      <libsource lib="Device" part="R_Small" description="Resistor, small symbol"/>
      <property name="Sheetname" value=""/>
      <property name="Sheetfile" value="LT.kicad_sch"/>
      <sheetpath names="/" tstamps="/"/>
      <tstamps>59407430-60d6-449b-9272-da3c107eb9a2</tstamps>
    </comp>
    <comp ref="R107">
      <value>1k 1%</value>
      <footprint>Resistor_SMD:R_0402_1005Metric_Pad0.72x0.64mm_HandSolder</footprint>
      <libsource lib="Device" part="R_Small" description="Resistor, small symbol"/>
      <property name="Sheetname" value=""/>
      <property name="Sheetfile" value="LT.kicad_sch"/>
      <sheetpath names="/" tstamps="/"/>
      <tstamps>9872e799-7aa9-4aec-9c8c-e0c9bc4a3b6c</tstamps>
    </comp>
    <comp ref="R108">
      <value>1k 1%</value>
      <footprint>Resistor_SMD:R_0402_1005Metric_Pad0.72x0.64mm_HandSolder</footprint>
      <libsource lib="Device" part="R_Small" description="Resistor, small symbol"/>
      <property name="Sheetname" value=""/>
      <property name="Sheetfile" value="LT.kicad_sch"/>
      <sheetpath names="/" tstamps="/"/>
      <tstamps>5b4ca53a-91d5-4df3-99b2-df7622813c22</tstamps>
    </comp>
    <comp ref="R109">
      <value>100k 1%</value>
      <footprint>Resistor_SMD:R_0402_1005Metric_Pad0.72x0.64mm_HandSolder</footprint>
      <libsource lib="Device" part="R_Small" description="Resistor, small symbol"/>
      <property name="Sheetname" value=""/>
      <property name="Sheetfile" value="LT.kicad_sch"/>
      <sheetpath names="/" tstamps="/"/>
      <tstamps>01547430-2e8c-40af-b7d9-60489083e35e</tstamps>
    </comp>
    <comp ref="R110">
      <value>5k1</value>
      <footprint>Resistor_SMD:R_0402_1005Metric_Pad0.72x0.64mm_HandSolder</footprint>
      <libsource lib="Device" part="R_Small" description="Resistor, small symbol"/>
      <property name="Sheetname" value=""/>
      <property name="Sheetfile" value="LT.kicad_sch"/>
      <sheetpath names="/" tstamps="/"/>
      <tstamps>d8d349df-53c9-4974-b703-d83e1a6d46e5</tstamps>
    </comp>
    <comp ref="R200">
      <value>200R 1%</value>
      <footprint>Resistor_SMD:R_0402_1005Metric_Pad0.72x0.64mm_HandSolder</footprint>
      <libsource lib="Device" part="R_Small" description="Resistor, small symbol"/>
      <property name="Sheetname" value=""/>
      <property name="Sheetfile" value="LT.kicad_sch"/>
      <sheetpath names="/" tstamps="/"/>
      <tstamps>9198a814-a18b-410a-b5d5-b235e5e3c829</tstamps>
    </comp>
    <comp ref="R201">
      <value>47k4</value>
      <footprint>Resistor_SMD:R_0402_1005Metric_Pad0.72x0.64mm_HandSolder</footprint>
      <libsource lib="Device" part="R_Small" description="Resistor, small symbol"/>
      <property name="Sheetname" value=""/>
      <property name="Sheetfile" value="LT.kicad_sch"/>
      <sheetpath names="/" tstamps="/"/>
      <tstamps>34b4d357-08a4-49f6-8d9e-29469f284293</tstamps>
    </comp>
    <comp ref="R202">
      <value>11k3</value>
      <footprint>Resistor_SMD:R_0402_1005Metric_Pad0.72x0.64mm_HandSolder</footprint>
      <libsource lib="Device" part="R_Small" description="Resistor, small symbol"/>
      <property name="Sheetname" value=""/>
      <property name="Sheetfile" value="LT.kicad_sch"/>
      <sheetpath names="/" tstamps="/"/>
      <tstamps>84f9f586-b6aa-49ea-aa37-98b520b33dcf</tstamps>
    </comp>
    <comp ref="R203">
      <value>73k2</value>
      <footprint>Resistor_SMD:R_0402_1005Metric_Pad0.72x0.64mm_HandSolder</footprint>
      <libsource lib="Device" part="R_Small" description="Resistor, small symbol"/>
      <property name="Sheetname" value=""/>
      <property name="Sheetfile" value="LT.kicad_sch"/>
      <sheetpath names="/" tstamps="/"/>
      <tstamps>b8682ac5-6eec-490c-85d2-9b33b9629659</tstamps>
    </comp>
    <comp ref="R300">
      <value>1M47k</value>
      <footprint>Resistor_SMD:R_0402_1005Metric_Pad0.72x0.64mm_HandSolder</footprint>
      <libsource lib="Device" part="R_Small" description="Resistor, small symbol"/>
      <property name="Sheetname" value=""/>
      <property name="Sheetfile" value="LT.kicad_sch"/>
      <sheetpath names="/" tstamps="/"/>
      <tstamps>f4234c47-1ff6-4550-8b39-9da48209112d</tstamps>
    </comp>
    <comp ref="R301">
      <value>806k</value>
      <footprint>Resistor_SMD:R_0402_1005Metric_Pad0.72x0.64mm_HandSolder</footprint>
      <libsource lib="Device" part="R_Small" description="Resistor, small symbol"/>
      <property name="Sheetname" value=""/>
      <property name="Sheetfile" value="LT.kicad_sch"/>
      <sheetpath names="/" tstamps="/"/>
      <tstamps>b3caa002-43c2-4a4d-9eaf-850dc1fe7c7d</tstamps>
    </comp>
    <comp ref="R302">
      <value>10k</value>
      <footprint>Resistor_SMD:R_0402_1005Metric_Pad0.72x0.64mm_HandSolder</footprint>
      <libsource lib="Device" part="R_Small" description="Resistor, small symbol"/>
      <property name="Sheetname" value=""/>
      <property name="Sheetfile" value="LT.kicad_sch"/>
      <sheetpath names="/" tstamps="/"/>
      <tstamps>bc1e7733-cef1-480a-9a7e-9206447b845f</tstamps>
    </comp>
    <comp ref="R304">
      <value>280k</value>
      <footprint>Resistor_SMD:R_0402_1005Metric_Pad0.72x0.64mm_HandSolder</footprint>
      <libsource lib="Device" part="R_Small" description="Resistor, small symbol"/>
      <property name="Sheetname" value=""/>
      <property name="Sheetfile" value="LT.kicad_sch"/>
      <sheetpath names="/" tstamps="/"/>
      <tstamps>438585ce-748c-4570-bc80-2fdd2dc338db</tstamps>
    </comp>
    <comp ref="R305">
      <value>549</value>
      <footprint>Resistor_SMD:R_0402_1005Metric_Pad0.72x0.64mm_HandSolder</footprint>
      <libsource lib="Device" part="R_Small" description="Resistor, small symbol"/>
      <property name="Sheetname" value=""/>
      <property name="Sheetfile" value="LT.kicad_sch"/>
      <sheetpath names="/" tstamps="/"/>
      <tstamps>eac67c95-70e0-4275-b206-e2e833710bb6</tstamps>
    </comp>
    <comp ref="R306">
      <value>1k</value>
      <footprint>Resistor_SMD:R_0402_1005Metric_Pad0.72x0.64mm_HandSolder</footprint>
      <libsource lib="Device" part="R_Small" description="Resistor, small symbol"/>
      <property name="Sheetname" value=""/>
      <property name="Sheetfile" value="LT.kicad_sch"/>
      <sheetpath names="/" tstamps="/"/>
      <tstamps>f3d9c944-fc3d-4057-b94b-50328e58dd79</tstamps>
    </comp>
    <comp ref="R400">
      <value>1k 1%</value>
      <footprint>Resistor_SMD:R_0402_1005Metric</footprint>
      <libsource lib="Device" part="R_Small" description="Resistor, small symbol"/>
      <property name="Sheetname" value=""/>
      <property name="Sheetfile" value="LT.kicad_sch"/>
      <sheetpath names="/" tstamps="/"/>
      <tstamps>275351ad-99e6-4fed-9b31-beda78261f3a</tstamps>
    </comp>
    <comp ref="R401">
      <value>10k</value>
      <footprint>Resistor_SMD:R_0402_1005Metric</footprint>
      <libsource lib="Device" part="R_Small" description="Resistor, small symbol"/>
      <property name="Sheetname" value=""/>
      <property name="Sheetfile" value="LT.kicad_sch"/>
      <sheetpath names="/" tstamps="/"/>
      <tstamps>3e99fd7e-485b-4e3e-9516-90cfe3147d49</tstamps>
    </comp>
    <comp ref="R402">
      <value>100</value>
      <footprint>Resistor_SMD:R_0402_1005Metric</footprint>
      <libsource lib="Device" part="R_Small" description="Resistor, small symbol"/>
      <property name="Sheetname" value=""/>
      <property name="Sheetfile" value="LT.kicad_sch"/>
      <sheetpath names="/" tstamps="/"/>
      <tstamps>bc873cb3-0dd5-4751-b9b1-38dd85fb1e30</tstamps>
    </comp>
    <comp ref="R403">
      <value>3k92</value>
      <footprint>Resistor_SMD:R_0402_1005Metric</footprint>
      <libsource lib="Device" part="R_Small" description="Resistor, small symbol"/>
      <property name="Sheetname" value=""/>
      <property name="Sheetfile" value="LT.kicad_sch"/>
      <sheetpath names="/" tstamps="/"/>
      <tstamps>3a30e8b8-be8e-4210-97e8-dc99378e913f</tstamps>
    </comp>
    <comp ref="R404">
      <value>10k</value>
      <footprint>Resistor_SMD:R_0402_1005Metric</footprint>
      <libsource lib="Device" part="R_Small" description="Resistor, small symbol"/>
      <property name="Sheetname" value=""/>
      <property name="Sheetfile" value="LT.kicad_sch"/>
      <sheetpath names="/" tstamps="/"/>
      <tstamps>62e2fc02-1bfa-4b9b-883a-d9e5bdd13345</tstamps>
    </comp>
    <comp ref="R405">
      <value>0R01</value>
      <footprint>Resistor_SMD:R_1206_3216Metric_Pad1.30x1.75mm_HandSolder</footprint>
      <libsource lib="Device" part="R_Small" description="Resistor, small symbol"/>
      <property name="Sheetname" value=""/>
      <property name="Sheetfile" value="LT.kicad_sch"/>
      <sheetpath names="/" tstamps="/"/>
      <tstamps>be5298d1-dfdd-47c1-ae3b-ceb30c6ff9c3</tstamps>
    </comp>
    <comp ref="R406">
      <value>0R01</value>
      <footprint>Resistor_SMD:R_1206_3216Metric_Pad1.30x1.75mm_HandSolder</footprint>
      <libsource lib="Device" part="R_Small" description="Resistor, small symbol"/>
      <property name="Sheetname" value=""/>
      <property name="Sheetfile" value="LT.kicad_sch"/>
      <sheetpath names="/" tstamps="/"/>
      <tstamps>187e2961-b975-49c7-ae6b-20cff2fefa18</tstamps>
    </comp>
    <comp ref="R407">
      <value>0R01</value>
      <footprint>Resistor_SMD:R_1206_3216Metric_Pad1.30x1.75mm_HandSolder</footprint>
      <libsource lib="Device" part="R_Small" description="Resistor, small symbol"/>
      <property name="Sheetname" value=""/>
      <property name="Sheetfile" value="LT.kicad_sch"/>
      <sheetpath names="/" tstamps="/"/>
      <tstamps>8ececa5d-96eb-4fd4-bcdb-2a8fc471a5e6</tstamps>
    </comp>
    <comp ref="R408">
      <value>0R01</value>
      <footprint>Resistor_SMD:R_1206_3216Metric_Pad1.30x1.75mm_HandSolder</footprint>
      <libsource lib="Device" part="R_Small" description="Resistor, small symbol"/>
      <property name="Sheetname" value=""/>
      <property name="Sheetfile" value="LT.kicad_sch"/>
      <sheetpath names="/" tstamps="/"/>
      <tstamps>d3abd948-d89a-4ace-b66f-437894772249</tstamps>
    </comp>
    <comp ref="R500">
      <value>1k 1%</value>
      <footprint>Resistor_SMD:R_0402_1005Metric</footprint>
      <libsource lib="Device" part="R_Small" description="Resistor, small symbol"/>
      <property name="Sheetname" value=""/>
      <property name="Sheetfile" value="LT.kicad_sch"/>
      <sheetpath names="/" tstamps="/"/>
      <tstamps>0be00b0f-8c83-412a-a283-702be359a5f2</tstamps>
    </comp>
    <comp ref="R501">
      <value>10k</value>
      <footprint>Resistor_SMD:R_0402_1005Metric</footprint>
      <libsource lib="Device" part="R_Small" description="Resistor, small symbol"/>
      <property name="Sheetname" value=""/>
      <property name="Sheetfile" value="LT.kicad_sch"/>
      <sheetpath names="/" tstamps="/"/>
      <tstamps>6ed32570-3755-4eb7-86ee-f9a426cfc131</tstamps>
    </comp>
    <comp ref="R502">
      <value>10k</value>
      <footprint>Resistor_SMD:R_0402_1005Metric</footprint>
      <libsource lib="Device" part="R_Small" description="Resistor, small symbol"/>
      <property name="Sheetname" value=""/>
      <property name="Sheetfile" value="LT.kicad_sch"/>
      <sheetpath names="/" tstamps="/"/>
      <tstamps>9469a030-242c-4943-87aa-eba41bc1d3e2</tstamps>
    </comp>
    <comp ref="R503">
      <value>0R01</value>
      <footprint>Resistor_SMD:R_1206_3216Metric_Pad1.30x1.75mm_HandSolder</footprint>
      <libsource lib="Device" part="R_Small" description="Resistor, small symbol"/>
      <property name="Sheetname" value=""/>
      <property name="Sheetfile" value="LT.kicad_sch"/>
      <sheetpath names="/" tstamps="/"/>
      <tstamps>fee59912-8e92-44a7-817b-ec5c116b6519</tstamps>
    </comp>
    <comp ref="R504">
      <value>0R01</value>
      <footprint>Resistor_SMD:R_1206_3216Metric_Pad1.30x1.75mm_HandSolder</footprint>
      <libsource lib="Device" part="R_Small" description="Resistor, small symbol"/>
      <property name="Sheetname" value=""/>
      <property name="Sheetfile" value="LT.kicad_sch"/>
      <sheetpath names="/" tstamps="/"/>
      <tstamps>0a9e7e9d-888a-447f-8184-0f5f7870dacd</tstamps>
    </comp>
    <comp ref="R505">
      <value>0R01</value>
      <footprint>Resistor_SMD:R_1206_3216Metric_Pad1.30x1.75mm_HandSolder</footprint>
      <libsource lib="Device" part="R_Small" description="Resistor, small symbol"/>
      <property name="Sheetname" value=""/>
      <property name="Sheetfile" value="LT.kicad_sch"/>
      <sheetpath names="/" tstamps="/"/>
      <tstamps>90b38d4d-c554-4262-a5f5-3af91f649683</tstamps>
    </comp>
    <comp ref="R506">
      <value>0R01</value>
      <footprint>Resistor_SMD:R_1206_3216Metric_Pad1.30x1.75mm_HandSolder</footprint>
      <libsource lib="Device" part="R_Small" description="Resistor, small symbol"/>
      <property name="Sheetname" value=""/>
      <property name="Sheetfile" value="LT.kicad_sch"/>
      <sheetpath names="/" tstamps="/"/>
      <tstamps>0096fb8c-3b83-45df-bab0-c0ab70f3e3da</tstamps>
    </comp>
    <comp ref="U100">
      <value>LT8612IUDE#PBF</value>
      <footprint>Package_DFN_QFN:QFN-28-1EP_3x6mm_P0.5mm_EP1.7x4.75mm_ThermalVias</footprint>
      <fields>
        <field name="MANUFACTURER">ANALOG DEVICES</field>
        <field name="PARTREV">A</field>
        <field name="STANDARD">IPC-7351B</field>
      </fields>
      <libsource lib="LT8612IUDE_PBF" part="LT8612IUDE#PBF" description=""/>
      <property name="MANUFACTURER" value="ANALOG DEVICES"/>
      <property name="PARTREV" value="A"/>
      <property name="STANDARD" value="IPC-7351B"/>
      <property name="Sheetname" value=""/>
      <property name="Sheetfile" value="LT.kicad_sch"/>
      <sheetpath names="/" tstamps="/"/>
      <tstamps>17e1331b-54aa-4754-8720-0ba59089256a</tstamps>
    </comp>
    <comp ref="U200">
      <value>LT3092xST</value>
      <footprint>Package_TO_SOT_SMD:SOT-223-3_TabPin2</footprint>
      <datasheet>https://www.analog.com/media/en/technical-documentation/data-sheets/3092fc.pdf</datasheet>
      <libsource lib="Reference_Current" part="LT3092xST" description="200mA 2-Terminal Programmable Current Source, SOT-223"/>
      <property name="Sheetname" value=""/>
      <property name="Sheetfile" value="LT.kicad_sch"/>
      <sheetpath names="/" tstamps="/"/>
      <tstamps>17520ed1-fba3-49e6-b131-8f645e1e823c</tstamps>
    </comp>
    <comp ref="U300">
      <value>LTC3632IMS8EPBF</value>
      <footprint>Package_SO:MSOP-8-1EP_3x3mm_P0.65mm_EP1.95x2.15mm_ThermalVias</footprint>
      <fields>
        <field name="MANUFACTURER_PART_NUMBER">ltc3632ims8e#pbf</field>
        <field name="VENDOR">Linear Technology</field>
      </fields>
      <libsource lib="LTC3632IMS8EPBF" part="LTC3632IMS8EPBF" description=""/>
      <property name="VENDOR" value="Linear Technology"/>
      <property name="MANUFACTURER_PART_NUMBER" value="ltc3632ims8e#pbf"/>
      <property name="Sheetname" value=""/>
      <property name="Sheetfile" value="LT.kicad_sch"/>
      <sheetpath names="/" tstamps="/"/>
      <tstamps>969da216-53af-4bc3-ad45-fd9f3a694950</tstamps>
    </comp>
    <comp ref="U600">
      <value>L7812</value>
      <footprint>Package_TO_SOT_SMD:TO-252-3_TabPin2</footprint>
      <datasheet>http://www.st.com/content/ccc/resource/technical/document/datasheet/41/4f/b3/b0/12/d4/47/88/CD00000444.pdf/files/CD00000444.pdf/jcr:content/translations/en.CD00000444.pdf</datasheet>
      <libsource lib="Regulator_Linear" part="L7812" description="Positive 1.5A 35V Linear Regulator, Fixed Output 12V, TO-220/TO-263/TO-252"/>
      <property name="Sheetname" value=""/>
      <property name="Sheetfile" value="LT.kicad_sch"/>
      <sheetpath names="/" tstamps="/"/>
      <tstamps>c45a64e4-0ca1-4001-9cb2-6be096dd24b7</tstamps>
    </comp>
  </components>
  <libparts>
    <libpart lib="744325550" part="744325550">
      <footprints>
        <fp>IND_744325550_WRE</fp>
        <fp>IND_744325550_WRE-M</fp>
        <fp>IND_744325550_WRE-L</fp>
      </footprints>
      <fields>
        <field name="Reference">L</field>
        <field name="Value">744325550</field>
        <field name="Footprint">IND_744325550_WRE</field>
      </fields>
      <pins>
        <pin num="1" name="1" type="unspecified"/>
        <pin num="2" name="2" type="unspecified"/>
      </pins>
    </libpart>
    <libpart lib="Connector" part="Conn_01x02_Male">
      <description>Generic connector, single row, 01x02, script generated (kicad-library-utils/schlib/autogen/connector/)</description>
      <docs>~</docs>
      <footprints>
        <fp>Connector*:*_1x??_*</fp>
      </footprints>
      <fields>
        <field name="Reference">J</field>
        <field name="Value">Conn_01x02_Male</field>
        <field name="Datasheet">~</field>
      </fields>
      <pins>
        <pin num="1" name="Pin_1" type="passive"/>
        <pin num="2" name="Pin_2" type="passive"/>
      </pins>
    </libpart>
    <libpart lib="Connector" part="Conn_01x03_Male">
      <description>Generic connector, single row, 01x03, script generated (kicad-library-utils/schlib/autogen/connector/)</description>
      <docs>~</docs>
      <footprints>
        <fp>Connector*:*_1x??_*</fp>
      </footprints>
      <fields>
        <field name="Reference">J</field>
        <field name="Value">Conn_01x03_Male</field>
        <field name="Datasheet">~</field>
      </fields>
      <pins>
        <pin num="1" name="Pin_1" type="passive"/>
        <pin num="2" name="Pin_2" type="passive"/>
        <pin num="3" name="Pin_3" type="passive"/>
      </pins>
    </libpart>
    <libpart lib="Connector" part="Conn_01x04_Male">
      <description>Generic connector, single row, 01x04, script generated (kicad-library-utils/schlib/autogen/connector/)</description>
      <docs>~</docs>
      <footprints>
        <fp>Connector*:*_1x??_*</fp>
      </footprints>
      <fields>
        <field name="Reference">J</field>
        <field name="Value">Conn_01x04_Male</field>
        <field name="Datasheet">~</field>
      </fields>
      <pins>
        <pin num="1" name="Pin_1" type="passive"/>
        <pin num="2" name="Pin_2" type="passive"/>
        <pin num="3" name="Pin_3" type="passive"/>
        <pin num="4" name="Pin_4" type="passive"/>
      </pins>
    </libpart>
    <libpart lib="Connector_Generic" part="Conn_01x02">
      <description>Generic connector, single row, 01x02, script generated (kicad-library-utils/schlib/autogen/connector/)</description>
      <docs>~</docs>
      <footprints>
        <fp>Connector*:*_1x??_*</fp>
      </footprints>
      <fields>
        <field name="Reference">J</field>
        <field name="Value">Conn_01x02</field>
        <field name="Datasheet">~</field>
      </fields>
      <pins>
        <pin num="1" name="Pin_1" type="passive"/>
        <pin num="2" name="Pin_2" type="passive"/>
      </pins>
    </libpart>
    <libpart lib="Device" part="C">
      <description>Unpolarized capacitor</description>
      <docs>~</docs>
      <footprints>
        <fp>C_*</fp>
      </footprints>
      <fields>
        <field name="Reference">C</field>
        <field name="Value">C</field>
        <field name="Datasheet">~</field>
      </fields>
      <pins>
        <pin num="1" name="" type="passive"/>
        <pin num="2" name="" type="passive"/>
      </pins>
    </libpart>
    <libpart lib="Device" part="C_Polarized">
      <description>Polarized capacitor</description>
      <docs>~</docs>
      <footprints>
        <fp>CP_*</fp>
      </footprints>
      <fields>
        <field name="Reference">C</field>
        <field name="Value">C_Polarized</field>
        <field name="Datasheet">~</field>
      </fields>
      <pins>
        <pin num="1" name="" type="passive"/>
        <pin num="2" name="" type="passive"/>
      </pins>
    </libpart>
    <libpart lib="Device" part="Fuse">
      <description>Fuse</description>
      <docs>~</docs>
      <footprints>
        <fp>*Fuse*</fp>
      </footprints>
      <fields>
        <field name="Reference">F</field>
        <field name="Value">Fuse</field>
        <field name="Datasheet">~</field>
      </fields>
      <pins>
        <pin num="1" name="" type="passive"/>
        <pin num="2" name="" type="passive"/>
      </pins>
    </libpart>
    <libpart lib="Device" part="LED">
      <description>Light emitting diode</description>
      <docs>~</docs>
      <footprints>
        <fp>LED*</fp>
        <fp>LED_SMD:*</fp>
        <fp>LED_THT:*</fp>
      </footprints>
      <fields>
        <field name="Reference">D</field>
        <field name="Value">LED</field>
        <field name="Datasheet">~</field>
      </fields>
      <pins>
        <pin num="1" name="K" type="passive"/>
        <pin num="2" name="A" type="passive"/>
      </pins>
    </libpart>
    <libpart lib="Device" part="R_Small">
      <description>Resistor, small symbol</description>
      <docs>~</docs>
      <footprints>
        <fp>R_*</fp>
      </footprints>
      <fields>
        <field name="Reference">R</field>
        <field name="Value">R_Small</field>
        <field name="Datasheet">~</field>
      </fields>
      <pins>
        <pin num="1" name="" type="passive"/>
        <pin num="2" name="" type="passive"/>
      </pins>
    </libpart>
    <libpart lib="Diode" part="B140-E3">
      <description>40V 1A Schottky Barrier Rectifier Diode, SMA(DO-214AC)</description>
      <docs>http://www.vishay.com/docs/88946/b120.pdf</docs>
      <footprints>
        <fp>D*SMA*</fp>
      </footprints>
      <fields>
        <field name="Reference">D</field>
        <field name="Value">B140-E3</field>
        <field name="Footprint">Diode_SMD:D_SMA</field>
        <field name="Datasheet">http://www.vishay.com/docs/88946/b120.pdf</field>
      </fields>
      <pins>
        <pin num="1" name="K" type="passive"/>
        <pin num="2" name="A" type="passive"/>
      </pins>
    </libpart>
    <libpart lib="Diode" part="S2JTR">
      <description>600V 2A General Purpose Rectifier Diode, SMB</description>
      <docs>http://www.smc-diodes.com/propdf/S2A-S2M%20N0562%20REV.A.pdf</docs>
      <footprints>
        <fp>*D?SMB*</fp>
      </footprints>
      <fields>
        <field name="Reference">D</field>
        <field name="Value">S2JTR</field>
        <field name="Footprint">Diode_SMD:D_SMB</field>
        <field name="Datasheet">http://www.smc-diodes.com/propdf/S2A-S2M%20N0562%20REV.A.pdf</field>
      </fields>
      <pins>
        <pin num="1" name="K" type="passive"/>
        <pin num="2" name="A" type="passive"/>
      </pins>
    </libpart>
    <libpart lib="LQH32CN471K23L" part="LQH32CN471K23L">
      <fields>
        <field name="Reference">L</field>
        <field name="Value">LQH32CN471K23L</field>
        <field name="Footprint">IND_LQH32CN471K23L</field>
        <field name="MANUFACTURER">Murata</field>
        <field name="PARTREV">N/A</field>
        <field name="STANDARD">Manufacturer Recommendations</field>
        <field name="MAXIMUM_PACKAGE_HEIGHT">2.2mm</field>
      </fields>
      <pins>
        <pin num="1" name="" type="passive"/>
        <pin num="2" name="" type="passive"/>
      </pins>
    </libpart>
    <libpart lib="LT3081ER_PBF" part="LT3081ER#PBF">
      <fields>
        <field name="Reference">IC</field>
        <field name="Value">LT3081ER#PBF</field>
        <field name="Footprint">DDPAK7</field>
      </fields>
      <pins>
        <pin num="1" name="ILIM" type="bidirectional"/>
        <pin num="2" name="SET" type="bidirectional"/>
        <pin num="3" name="IMON" type="bidirectional"/>
        <pin num="4" name="OUT" type="bidirectional"/>
        <pin num="5" name="TEMP" type="bidirectional"/>
        <pin num="6" name="IN" type="bidirectional"/>
        <pin num="7" name="IN" type="bidirectional"/>
        <pin num="TAB" name="OUT" type="bidirectional"/>
      </pins>
    </libpart>
    <libpart lib="LT8612IUDE_PBF" part="LT8612IUDE#PBF">
      <fields>
        <field name="Reference">U</field>
        <field name="Value">LT8612IUDE#PBF</field>
        <field name="Footprint">QFN50P300X600X80-29N</field>
        <field name="MANUFACTURER">ANALOG DEVICES</field>
        <field name="PARTREV">A</field>
        <field name="STANDARD">IPC-7351B</field>
      </fields>
      <pins>
        <pin num="1" name="SYNC" type="input"/>
        <pin num="2" name="TR/SS" type="output"/>
        <pin num="3" name="RT" type="passive"/>
        <pin num="4" name="EN/UV" type="input"/>
        <pin num="5" name="VIN" type="input"/>
        <pin num="6" name="VIN" type="input"/>
        <pin num="7" name="VIN" type="input"/>
        <pin num="8" name="PGND" type="power_in"/>
        <pin num="9" name="PGND" type="power_in"/>
        <pin num="10" name="PGND" type="power_in"/>
        <pin num="11" name="GND" type="power_in"/>
        <pin num="12" name="GND" type="power_in"/>
        <pin num="13" name="GND" type="power_in"/>
        <pin num="14" name="GND" type="power_in"/>
        <pin num="15" name="SW" type="output"/>
        <pin num="16" name="SW" type="output"/>
        <pin num="17" name="SW" type="output"/>
        <pin num="18" name="SW" type="output"/>
        <pin num="19" name="SW" type="output"/>
        <pin num="20" name="BST" type="passive"/>
        <pin num="21" name="INTVCC" type="output"/>
        <pin num="22" name="BIAS" type="input"/>
        <pin num="23" name="PG" type="open_collector"/>
        <pin num="24" name="FB" type="input"/>
        <pin num="29" name="EP" type="passive"/>
      </pins>
    </libpart>
    <libpart lib="LTC3632IMS8EPBF" part="LTC3632IMS8EPBF">
      <fields>
        <field name="Reference">U</field>
        <field name="Value">LTC3632IMS8EPBF</field>
        <field name="Footprint">MSOP-8_MS</field>
        <field name="VENDOR">Linear Technology</field>
        <field name="MANUFACTURER_PART_NUMBER">ltc3632ims8e#pbf</field>
      </fields>
      <pins>
        <pin num="1" name="SW" type="passive"/>
        <pin num="2" name="VIN" type="input"/>
        <pin num="3" name="ISET" type="input"/>
        <pin num="4" name="SS" type="input"/>
        <pin num="5" name="RUN" type="input"/>
        <pin num="6" name="VFB" type="output"/>
        <pin num="7" name="HYST" type="output"/>
        <pin num="8" name="GND" type="power_in"/>
      </pins>
    </libpart>
    <libpart lib="Mechanical" part="MountingHole">
      <description>Mounting Hole without connection</description>
      <docs>~</docs>
      <footprints>
        <fp>MountingHole*</fp>
      </footprints>
      <fields>
        <field name="Reference">H</field>
        <field name="Value">MountingHole</field>
        <field name="Datasheet">~</field>
      </fields>
    </libpart>
    <libpart lib="Reference_Current" part="LT3092xST">
      <description>200mA 2-Terminal Programmable Current Source, SOT-223</description>
      <docs>https://www.analog.com/media/en/technical-documentation/data-sheets/3092fc.pdf</docs>
      <footprints>
        <fp>SOT*223*TabPin2*</fp>
      </footprints>
      <fields>
        <field name="Reference">U</field>
        <field name="Value">LT3092xST</field>
        <field name="Footprint">Package_TO_SOT_SMD:SOT-223-3_TabPin2</field>
        <field name="Datasheet">https://www.analog.com/media/en/technical-documentation/data-sheets/3092fc.pdf</field>
      </fields>
      <pins>
        <pin num="1" name="" type="passive"/>
        <pin num="2" name="" type="passive"/>
        <pin num="3" name="" type="passive"/>
      </pins>
    </libpart>
    <libpart lib="Regulator_Linear" part="L7812">
      <description>Positive 1.5A 35V Linear Regulator, Fixed Output 12V, TO-220/TO-263/TO-252</description>
      <docs>http://www.st.com/content/ccc/resource/technical/document/datasheet/41/4f/b3/b0/12/d4/47/88/CD00000444.pdf/files/CD00000444.pdf/jcr:content/translations/en.CD00000444.pdf</docs>
      <footprints>
        <fp>TO?252*</fp>
        <fp>TO?263*</fp>
        <fp>TO?220*</fp>
      </footprints>
      <fields>
        <field name="Reference">U</field>
        <field name="Value">L7812</field>
        <field name="Datasheet">http://www.st.com/content/ccc/resource/technical/document/datasheet/41/4f/b3/b0/12/d4/47/88/CD00000444.pdf/files/CD00000444.pdf/jcr:content/translations/en.CD00000444.pdf</field>
      </fields>
      <pins>
        <pin num="1" name="IN" type="power_in"/>
        <pin num="2" name="GND" type="power_in"/>
        <pin num="3" name="OUT" type="power_out"/>
      </pins>
    </libpart>
    <libpart lib="SI2309CDS" part="SI2309CDS-T1-GE3">
      <footprints>
        <fp>TO-236_VIS</fp>
        <fp>TO-236_VIS-M</fp>
        <fp>TO-236_VIS-L</fp>
      </footprints>
      <fields>
        <field name="Reference">U?</field>
        <field name="Value">SI2309CDS-T1-GE3</field>
        <field name="Footprint">TO-236_VIS</field>
      </fields>
      <pins>
        <pin num="1" name="G" type="unspecified"/>
        <pin num="2" name="S" type="unspecified"/>
        <pin num="3" name="D" type="unspecified"/>
      </pins>
    </libpart>
    <libpart lib="Transistor_BJT" part="BCP56">
      <description>1A Ic, 80V Vce, NPN Medium Power Transistor, SOT-223</description>
      <docs>http://cache.nxp.com/documents/data_sheet/BCP56_BCX56_BC56PA.pdf?pspll=1</docs>
      <footprints>
        <fp>SOT?223*</fp>
      </footprints>
      <fields>
        <field name="Reference">Q</field>
        <field name="Value">BCP56</field>
        <field name="Footprint">Package_TO_SOT_SMD:SOT-223-3_TabPin2</field>
        <field name="Datasheet">http://cache.nxp.com/documents/data_sheet/BCP56_BCX56_BC56PA.pdf?pspll=1</field>
      </fields>
      <pins>
        <pin num="1" name="B" type="input"/>
        <pin num="2" name="C" type="passive"/>
        <pin num="3" name="E" type="passive"/>
        <pin num="4" name="C" type="passive"/>
      </pins>
    </libpart>
    <libpart lib="Transistor_BJT" part="MMBT3904">
      <description>0.2A Ic, 40V Vce, Small Signal NPN Transistor, SOT-23</description>
      <docs>https://www.onsemi.com/pub/Collateral/2N3903-D.PDF</docs>
      <footprints>
        <fp>SOT?23*</fp>
      </footprints>
      <fields>
        <field name="Reference">Q</field>
        <field name="Value">MMBT3904</field>
        <field name="Footprint">Package_TO_SOT_SMD:SOT-23</field>
        <field name="Datasheet">https://www.onsemi.com/pub/Collateral/2N3903-D.PDF</field>
      </fields>
      <pins>
        <pin num="1" name="B" type="input"/>
        <pin num="2" name="E" type="passive"/>
        <pin num="3" name="C" type="passive"/>
      </pins>
    </libpart>
    <libpart lib="Transistor_BJT" part="MMBT3906">
      <description>-0.2A Ic, -40V Vce, Small Signal PNP Transistor, SOT-23</description>
      <docs>https://www.onsemi.com/pub/Collateral/2N3906-D.PDF</docs>
      <footprints>
        <fp>SOT?23*</fp>
      </footprints>
      <fields>
        <field name="Reference">Q</field>
        <field name="Value">MMBT3906</field>
        <field name="Footprint">Package_TO_SOT_SMD:SOT-23</field>
        <field name="Datasheet">https://www.onsemi.com/pub/Collateral/2N3906-D.PDF</field>
      </fields>
      <pins>
        <pin num="1" name="B" type="input"/>
        <pin num="2" name="E" type="passive"/>
        <pin num="3" name="C" type="passive"/>
      </pins>
    </libpart>
  </libparts>
  <libraries>
    <library logical="744325550">
      <uri>C:/Users/Melker/Downloads/ul_744325550/KiCAD/2022-11-05_16-07-19/744325550.lib</uri>
    </library>
    <library logical="Connector">
      <uri>C:\Program Files\KiCad\6.0\share\kicad\symbols\/Connector.kicad_sym</uri>
    </library>
    <library logical="Connector_Generic">
      <uri>C:\Program Files\KiCad\6.0\share\kicad\symbols\/Connector_Generic.kicad_sym</uri>
    </library>
    <library logical="Device">
      <uri>C:\Program Files\KiCad\6.0\share\kicad\symbols\/Device.kicad_sym</uri>
    </library>
    <library logical="Diode">
      <uri>C:\Program Files\KiCad\6.0\share\kicad\symbols\/Diode.kicad_sym</uri>
    </library>
    <library logical="LQH32CN471K23L">
      <uri>C:/Users/Melker/Downloads/LQH32CN471K23L/LQH32CN471K23L.lib</uri>
    </library>
    <library logical="LT3081ER_PBF">
      <uri>C:/Users/Melker/Downloads/LT3081ER_PBF/LT3081ER_PBF.lib</uri>
    </library>
    <library logical="LT8612IUDE_PBF">
      <uri>C:/Users/Melker/Downloads/LT8612IUDE_PBF/LT8612IUDE_PBF.lib</uri>
    </library>
    <library logical="LTC3632IMS8EPBF">
      <uri>C:/Users/Melker/Downloads/LTC3632IMS8EPBF/LTC3632IMS8EPBF.lib</uri>
    </library>
    <library logical="Mechanical">
      <uri>C:\Program Files\KiCad\6.0\share\kicad\symbols\/Mechanical.kicad_sym</uri>
    </library>
    <library logical="Reference_Current">
      <uri>C:\Program Files\KiCad\6.0\share\kicad\symbols\/Reference_Current.kicad_sym</uri>
    </library>
    <library logical="Regulator_Linear">
      <uri>C:\Program Files\KiCad\6.0\share\kicad\symbols\/Regulator_Linear.kicad_sym</uri>
    </library>
    <library logical="SI2309CDS">
      <uri>C:/Users/Melker/Downloads/ul_SI2309CDS-T1-GE3/KiCAD/2022-11-05_16-15-07/SI2309CDS.lib</uri>
    </library>
    <library logical="Transistor_BJT">
      <uri>C:\Program Files\KiCad\6.0\share\kicad\symbols\/Transistor_BJT.kicad_sym</uri>
    </library>
  </libraries>
  <nets>
    <net code="1" name="+12V">
      <node ref="C601" pin="1" pintype="passive"/>
      <node ref="C602" pin="1" pintype="passive"/>
      <node ref="C603" pin="1" pintype="passive"/>
      <node ref="C604" pin="1" pintype="passive"/>
      <node ref="J6" pin="2" pinfunction="Pin_2" pintype="passive"/>
      <node ref="U600" pin="3" pinfunction="OUT" pintype="power_out"/>
    </net>
    <net code="2" name="+24V">
      <node ref="C100" pin="1" pintype="passive"/>
      <node ref="C101" pin="1" pintype="passive"/>
      <node ref="C102" pin="1" pintype="passive"/>
      <node ref="C103" pin="1" pintype="passive"/>
      <node ref="C104" pin="1" pintype="passive"/>
      <node ref="C105" pin="1" pintype="passive"/>
      <node ref="C106" pin="1" pintype="passive"/>
      <node ref="C301" pin="1" pintype="passive"/>
      <node ref="C600" pin="1" pintype="passive"/>
      <node ref="D1" pin="1" pinfunction="K" pintype="passive"/>
      <node ref="Q100" pin="2" pinfunction="S" pintype="unspecified"/>
      <node ref="R100" pin="1" pintype="passive"/>
      <node ref="R103" pin="1" pintype="passive"/>
      <node ref="U100" pin="5" pinfunction="VIN" pintype="input"/>
      <node ref="U100" pin="6" pinfunction="VIN" pintype="input"/>
      <node ref="U100" pin="7" pinfunction="VIN" pintype="input"/>
      <node ref="U300" pin="2" pinfunction="VIN" pintype="input"/>
      <node ref="U600" pin="1" pinfunction="IN" pintype="power_in"/>
    </net>
    <net code="4" name="/I mon">
      <node ref="IC400" pin="3" pinfunction="IMON" pintype="bidirectional"/>
      <node ref="IC500" pin="3" pinfunction="IMON" pintype="bidirectional"/>
      <node ref="J6" pin="1" pinfunction="Pin_1" pintype="passive"/>
      <node ref="R400" pin="1" pintype="passive"/>
      <node ref="R500" pin="1" pintype="passive"/>
    </net>
    <net code="5" name="/INTVcc">
      <node ref="C107" pin="1" pintype="passive"/>
      <node ref="D101" pin="2" pinfunction="A" pintype="passive"/>
      <node ref="Q101" pin="1" pinfunction="B" pintype="input"/>
      <node ref="Q300" pin="2" pinfunction="E" pintype="passive"/>
      <node ref="U100" pin="1" pinfunction="SYNC" pintype="input"/>
      <node ref="U100" pin="21" pinfunction="INTVCC" pintype="output"/>
    </net>
    <net code="6" name="/Temp 1">
      <node ref="IC400" pin="5" pinfunction="TEMP" pintype="bidirectional"/>
      <node ref="J2" pin="1" pinfunction="Pin_1" pintype="passive"/>
      <node ref="R401" pin="2" pintype="passive"/>
    </net>
    <net code="7" name="/Temp 2">
      <node ref="IC500" pin="5" pinfunction="TEMP" pintype="bidirectional"/>
      <node ref="J2" pin="3" pinfunction="Pin_3" pintype="passive"/>
      <node ref="R501" pin="2" pintype="passive"/>
    </net>
    <net code="8" name="BST">
      <node ref="C110" pin="2" pintype="passive"/>
      <node ref="U100" pin="20" pinfunction="BST" pintype="passive"/>
    </net>
    <net code="9" name="FB">
      <node ref="C108" pin="1" pintype="passive"/>
      <node ref="Q102" pin="3" pinfunction="C" pintype="passive"/>
      <node ref="R106" pin="1" pintype="passive"/>
      <node ref="U100" pin="24" pinfunction="FB" pintype="input"/>
    </net>
    <net code="10" name="GND">
      <node ref="C100" pin="2" pintype="passive"/>
      <node ref="C101" pin="2" pintype="passive"/>
      <node ref="C102" pin="2" pintype="passive"/>
      <node ref="C103" pin="2" pintype="passive"/>
      <node ref="C104" pin="2" pintype="passive"/>
      <node ref="C105" pin="2" pintype="passive"/>
      <node ref="C106" pin="2" pintype="passive"/>
      <node ref="C107" pin="2" pintype="passive"/>
      <node ref="C109" pin="2" pintype="passive"/>
      <node ref="C111" pin="2" pintype="passive"/>
      <node ref="C112" pin="2" pintype="passive"/>
      <node ref="C113" pin="2" pintype="passive"/>
      <node ref="C114" pin="2" pintype="passive"/>
      <node ref="C300" pin="1" pintype="passive"/>
      <node ref="C301" pin="2" pintype="passive"/>
      <node ref="C400" pin="2" pintype="passive"/>
      <node ref="C401" pin="2" pintype="passive"/>
      <node ref="C402" pin="2" pintype="passive"/>
      <node ref="C403" pin="2" pintype="passive"/>
      <node ref="C404" pin="2" pintype="passive"/>
      <node ref="C500" pin="2" pintype="passive"/>
      <node ref="C501" pin="2" pintype="passive"/>
      <node ref="C502" pin="2" pintype="passive"/>
      <node ref="C503" pin="2" pintype="passive"/>
      <node ref="C504" pin="2" pintype="passive"/>
      <node ref="C600" pin="2" pintype="passive"/>
      <node ref="C601" pin="2" pintype="passive"/>
      <node ref="C602" pin="2" pintype="passive"/>
      <node ref="C603" pin="2" pintype="passive"/>
      <node ref="C604" pin="2" pintype="passive"/>
      <node ref="J1" pin="3" pinfunction="Pin_3" pintype="passive"/>
      <node ref="J1" pin="4" pinfunction="Pin_4" pintype="passive"/>
      <node ref="J2" pin="2" pinfunction="Pin_2" pintype="passive"/>
      <node ref="J3" pin="2" pinfunction="Pin_2" pintype="passive"/>
      <node ref="J5" pin="2" pinfunction="Pin_2" pintype="passive"/>
      <node ref="L300" pin="2" pintype="passive"/>
      <node ref="Q301" pin="1" pinfunction="B" pintype="input"/>
      <node ref="R101" pin="2" pintype="passive"/>
      <node ref="R102" pin="2" pintype="passive"/>
      <node ref="R104" pin="2" pintype="passive"/>
      <node ref="R105" pin="2" pintype="passive"/>
      <node ref="R106" pin="2" pintype="passive"/>
      <node ref="R300" pin="1" pintype="passive"/>
      <node ref="R306" pin="2" pintype="passive"/>
      <node ref="R400" pin="2" pintype="passive"/>
      <node ref="R401" pin="1" pintype="passive"/>
      <node ref="R404" pin="2" pintype="passive"/>
      <node ref="R500" pin="2" pintype="passive"/>
      <node ref="R501" pin="1" pintype="passive"/>
      <node ref="R502" pin="2" pintype="passive"/>
      <node ref="U100" pin="10" pinfunction="PGND" pintype="power_in"/>
      <node ref="U100" pin="11" pinfunction="GND" pintype="power_in"/>
      <node ref="U100" pin="12" pinfunction="GND" pintype="power_in"/>
      <node ref="U100" pin="13" pinfunction="GND" pintype="power_in"/>
      <node ref="U100" pin="14" pinfunction="GND" pintype="power_in"/>
      <node ref="U100" pin="29" pinfunction="EP" pintype="passive"/>
      <node ref="U100" pin="8" pinfunction="PGND" pintype="power_in"/>
      <node ref="U100" pin="9" pinfunction="PGND" pintype="power_in"/>
      <node ref="U600" pin="2" pinfunction="GND" pintype="power_in"/>
    </net>
    <net code="11" name="Net-(C109-Pad1)">
      <node ref="C109" pin="1" pintype="passive"/>
      <node ref="U100" pin="2" pinfunction="TR/SS" pintype="output"/>
    </net>
    <net code="12" name="Net-(C300-Pad2)">
      <node ref="C300" pin="2" pintype="passive"/>
      <node ref="R301" pin="2" pintype="passive"/>
      <node ref="R302" pin="2" pintype="passive"/>
      <node ref="R304" pin="2" pintype="passive"/>
      <node ref="R305" pin="1" pintype="passive"/>
      <node ref="U300" pin="8" pinfunction="GND" pintype="power_in"/>
    </net>
    <net code="13" name="Net-(C401-Pad1)">
      <node ref="C401" pin="1" pintype="passive"/>
      <node ref="C501" pin="1" pintype="passive"/>
      <node ref="D200" pin="2" pinfunction="A" pintype="passive"/>
      <node ref="IC400" pin="2" pinfunction="SET" pintype="bidirectional"/>
      <node ref="IC500" pin="2" pinfunction="SET" pintype="bidirectional"/>
      <node ref="J3" pin="1" pinfunction="Pin_1" pintype="passive"/>
      <node ref="R200" pin="2" pintype="passive"/>
      <node ref="R201" pin="2" pintype="passive"/>
      <node ref="R202" pin="2" pintype="passive"/>
      <node ref="R203" pin="2" pintype="passive"/>
    </net>
    <net code="14" name="Net-(D1-Pad2)">
      <node ref="D1" pin="2" pinfunction="A" pintype="passive"/>
      <node ref="F1" pin="2" pintype="passive"/>
    </net>
    <net code="15" name="Net-(D101-Pad1)">
      <node ref="D101" pin="1" pinfunction="K" pintype="passive"/>
      <node ref="R105" pin="1" pintype="passive"/>
    </net>
    <net code="16" name="Net-(F1-Pad1)">
      <node ref="F1" pin="1" pintype="passive"/>
      <node ref="J1" pin="1" pinfunction="Pin_1" pintype="passive"/>
      <node ref="J1" pin="2" pinfunction="Pin_2" pintype="passive"/>
    </net>
    <net code="17" name="Net-(IC400-Pad1)">
      <node ref="IC400" pin="1" pinfunction="ILIM" pintype="bidirectional"/>
      <node ref="IC500" pin="1" pinfunction="ILIM" pintype="bidirectional"/>
      <node ref="R402" pin="1" pintype="passive"/>
    </net>
    <net code="18" name="Net-(J4-Pad1)">
      <node ref="J4" pin="1" pinfunction="Pin_1" pintype="passive"/>
      <node ref="R402" pin="2" pintype="passive"/>
      <node ref="R403" pin="1" pintype="passive"/>
    </net>
    <net code="19" name="Net-(L300-Pad1)">
      <node ref="L300" pin="1" pintype="passive"/>
      <node ref="U300" pin="1" pinfunction="SW" pintype="passive"/>
    </net>
    <net code="20" name="Net-(Q100-Pad1)">
      <node ref="Q100" pin="1" pinfunction="G" pintype="unspecified"/>
      <node ref="Q101" pin="3" pinfunction="C" pintype="passive"/>
      <node ref="R103" pin="2" pintype="passive"/>
    </net>
    <net code="21" name="Net-(Q100-Pad3)">
      <node ref="Q100" pin="3" pinfunction="D" pintype="unspecified"/>
      <node ref="U200" pin="3" pintype="passive"/>
    </net>
    <net code="22" name="Net-(Q101-Pad2)">
      <node ref="Q101" pin="2" pinfunction="E" pintype="passive"/>
      <node ref="R104" pin="1" pintype="passive"/>
    </net>
    <net code="23" name="Net-(Q102-Pad1)">
      <node ref="Q102" pin="1" pinfunction="B" pintype="input"/>
      <node ref="R108" pin="2" pintype="passive"/>
      <node ref="R109" pin="1" pintype="passive"/>
    </net>
    <net code="24" name="Net-(Q102-Pad2)">
      <node ref="Q102" pin="2" pinfunction="E" pintype="passive"/>
      <node ref="R107" pin="2" pintype="passive"/>
    </net>
    <net code="25" name="Net-(Q300-Pad1)">
      <node ref="Q300" pin="1" pinfunction="B" pintype="input"/>
      <node ref="R306" pin="1" pintype="passive"/>
    </net>
    <net code="26" name="Net-(Q300-Pad3)">
      <node ref="Q300" pin="3" pinfunction="C" pintype="passive"/>
      <node ref="R302" pin="1" pintype="passive"/>
      <node ref="U300" pin="5" pinfunction="RUN" pintype="input"/>
    </net>
    <net code="27" name="Net-(Q301-Pad3)">
      <node ref="Q301" pin="3" pinfunction="E" pintype="passive"/>
      <node ref="R305" pin="2" pintype="passive"/>
    </net>
    <net code="28" name="Net-(R100-Pad2)">
      <node ref="R100" pin="2" pintype="passive"/>
      <node ref="R101" pin="1" pintype="passive"/>
      <node ref="U100" pin="4" pinfunction="EN/UV" pintype="input"/>
    </net>
    <net code="29" name="Net-(R102-Pad1)">
      <node ref="R102" pin="1" pintype="passive"/>
      <node ref="U100" pin="3" pinfunction="RT" pintype="passive"/>
    </net>
    <net code="30" name="Net-(R110-Pad1)">
      <node ref="R110" pin="1" pintype="passive"/>
      <node ref="U100" pin="23" pinfunction="PG" pintype="open_collector"/>
    </net>
    <net code="31" name="Net-(R200-Pad1)">
      <node ref="R200" pin="1" pintype="passive"/>
      <node ref="U200" pin="2" pintype="passive"/>
    </net>
    <net code="32" name="Net-(R201-Pad1)">
      <node ref="R201" pin="1" pintype="passive"/>
      <node ref="R202" pin="1" pintype="passive"/>
      <node ref="R203" pin="1" pintype="passive"/>
      <node ref="U200" pin="1" pintype="passive"/>
    </net>
    <net code="33" name="Net-(R300-Pad2)">
      <node ref="R300" pin="2" pintype="passive"/>
      <node ref="R304" pin="1" pintype="passive"/>
      <node ref="U300" pin="6" pinfunction="VFB" pintype="output"/>
    </net>
    <net code="34" name="Net-(R301-Pad1)">
      <node ref="R301" pin="1" pintype="passive"/>
      <node ref="U300" pin="3" pinfunction="ISET" pintype="input"/>
    </net>
    <net code="35" name="OUT">
      <node ref="D200" pin="1" pinfunction="K" pintype="passive"/>
      <node ref="J5" pin="1" pinfunction="Pin_1" pintype="passive"/>
      <node ref="Q301" pin="2" pinfunction="C" pintype="passive"/>
      <node ref="Q301" pin="4" pinfunction="C" pintype="passive"/>
      <node ref="R109" pin="2" pintype="passive"/>
      <node ref="R405" pin="2" pintype="passive"/>
      <node ref="R406" pin="2" pintype="passive"/>
      <node ref="R407" pin="2" pintype="passive"/>
      <node ref="R408" pin="2" pintype="passive"/>
      <node ref="R503" pin="2" pintype="passive"/>
      <node ref="R504" pin="2" pintype="passive"/>
      <node ref="R505" pin="2" pintype="passive"/>
      <node ref="R506" pin="2" pintype="passive"/>
    </net>
    <net code="36" name="OUT1">
      <node ref="C402" pin="1" pintype="passive"/>
      <node ref="C403" pin="1" pintype="passive"/>
      <node ref="C404" pin="1" pintype="passive"/>
      <node ref="IC400" pin="4" pinfunction="OUT" pintype="bidirectional"/>
      <node ref="IC400" pin="TAB" pinfunction="OUT" pintype="bidirectional"/>
      <node ref="R404" pin="1" pintype="passive"/>
      <node ref="R405" pin="1" pintype="passive"/>
      <node ref="R406" pin="1" pintype="passive"/>
      <node ref="R407" pin="1" pintype="passive"/>
      <node ref="R408" pin="1" pintype="passive"/>
    </net>
    <net code="37" name="OUT2">
      <node ref="C502" pin="1" pintype="passive"/>
      <node ref="C503" pin="1" pintype="passive"/>
      <node ref="C504" pin="1" pintype="passive"/>
      <node ref="IC500" pin="4" pinfunction="OUT" pintype="bidirectional"/>
      <node ref="IC500" pin="TAB" pinfunction="OUT" pintype="bidirectional"/>
      <node ref="J4" pin="2" pinfunction="Pin_2" pintype="passive"/>
      <node ref="R403" pin="2" pintype="passive"/>
      <node ref="R502" pin="1" pintype="passive"/>
      <node ref="R503" pin="1" pintype="passive"/>
      <node ref="R504" pin="1" pintype="passive"/>
      <node ref="R505" pin="1" pintype="passive"/>
      <node ref="R506" pin="1" pintype="passive"/>
    </net>
    <net code="38" name="Pre_reg">
      <node ref="C108" pin="2" pintype="passive"/>
      <node ref="C111" pin="1" pintype="passive"/>
      <node ref="C112" pin="1" pintype="passive"/>
      <node ref="C113" pin="1" pintype="passive"/>
      <node ref="C114" pin="1" pintype="passive"/>
      <node ref="C400" pin="1" pintype="passive"/>
      <node ref="C500" pin="1" pintype="passive"/>
      <node ref="IC400" pin="6" pinfunction="IN" pintype="bidirectional"/>
      <node ref="IC400" pin="7" pinfunction="IN" pintype="bidirectional"/>
      <node ref="IC500" pin="6" pinfunction="IN" pintype="bidirectional"/>
      <node ref="IC500" pin="7" pinfunction="IN" pintype="bidirectional"/>
      <node ref="L100" pin="1" pinfunction="1" pintype="unspecified"/>
      <node ref="R107" pin="1" pintype="passive"/>
      <node ref="R108" pin="1" pintype="passive"/>
      <node ref="R110" pin="2" pintype="passive"/>
      <node ref="U100" pin="22" pinfunction="BIAS" pintype="input"/>
    </net>
    <net code="39" name="Sw_out">
      <node ref="C110" pin="1" pintype="passive"/>
      <node ref="L100" pin="2" pinfunction="2" pintype="unspecified"/>
      <node ref="U100" pin="15" pinfunction="SW" pintype="output"/>
      <node ref="U100" pin="16" pinfunction="SW" pintype="output"/>
      <node ref="U100" pin="17" pinfunction="SW" pintype="output"/>
      <node ref="U100" pin="18" pinfunction="SW" pintype="output"/>
      <node ref="U100" pin="19" pinfunction="SW" pintype="output"/>
    </net>
    <net code="40" name="unconnected-(U300-Pad4)">
      <node ref="U300" pin="4" pinfunction="SS" pintype="input+no_connect"/>
    </net>
    <net code="41" name="unconnected-(U300-Pad7)">
      <node ref="U300" pin="7" pinfunction="HYST" pintype="output+no_connect"/>
    </net>
  </nets>
</export>
